screen_name,phrase,count
MaximeBernier,years ago,6
MaximeBernier,free speech,13
MaximeBernier,sound money,5
MaximeBernier,antifa thugs,8
MaximeBernier,morally intellectually,9
MaximeBernier,intellectually corrupt,9
MaximeBernier,morally intellectually corrupt,9
MaximeBernier,freedom expression,6
MaximeBernier,identity politics,10
MaximeBernier,foreign aid,11
MaximeBernier,climate change,35
MaximeBernier,peoples party,11
MaximeBernier,ppc government,6
MaximeBernier,ppc party,14
MaximeBernier,lower immigration,7
MaximeBernier,majority canadians,5
MaximeBernier,skin colour,6
MaximeBernier,destroy economy,6
MaximeBernier,gold standard,9
MaximeBernier,sign petition,7
MaximeBernier,way life,5
MaximeBernier,party canada,7
MaximeBernier,peoples party canada,5
MaximeBernier,canadian politics,5
MaximeBernier,artificially low,7
MaximeBernier,low rates,8
MaximeBernier,artificially low rates,7
MaximeBernier,climate alarmists,16
MaximeBernier,security council,8
MaximeBernier,council seat,8
MaximeBernier,security council seat,8
MaximeBernier,central banks,14
MaximeBernier,fiat money,6
MaximeBernier,global warming,5
MaximeBernier,trudeau government,12
MaximeBernier,leadership race,6
MaximeBernier,stock market,5
MaximeBernier,money printing,6
MaximeBernier,mass immigration,7
MaximeBernier,like trudeau,7
MaximeBernier,millions canadians,5
MaximeBernier,buy votes,9
MaximeBernier,ppc candidate,5
MaximeBernier,make poorer,5
MaximeBernier,health care,9
MaximeBernier,coronavirus crisis,5
MaximeBernier,corporate welfare,10
MaximeBernier,private sector,9
MaximeBernier,common sense,10
MaximeBernier,billions dollars,6
MaximeBernier,watch interview,8
MaximeBernier,carbon tax,6
MaximeBernier,politically correct,7
MaximeBernier,ppc youtube,6
MaximeBernier,youtube channel,6
MaximeBernier,ppc youtube channel,6
MaximeBernier,climate emergency,8
MaximeBernier,eliminate deficit,7
MaximeBernier,subscribe ppc,6
MaximeBernier,want thank,5
MaximeBernier,lower taxes,13
MaximeBernier,dont need,5
MaximeBernier,open borders,9
MaximeBernier,subscribe ppc youtube,5
MaximeBernier,subscribe ppc youtube channel,5
MaximeBernier,maxime bernier,17
MaximeBernier,hereditary chiefs,6
MaximeBernier,climate alarmism,19
MaximeBernier,climate alarmist,6
MaximeBernier,cult diversity,7
MaximeBernier,leader maxime,5
MaximeBernier,leader maxime bernier,5
MaximeBernier,fight climate,5
MaximeBernier,far left,10
MaximeBernier,fight climate change,5
MaximeBernier,buy vote,5
MaximeBernier,vote money,5
MaximeBernier,buy vote money,5
MaximeBernier,political correctness,6
MaximeBernier,balance budget,5
MaximeBernier,deficit years,5
theJagmeetSingh,federal government,14
theJagmeetSingh,healthcare workers,5
theJagmeetSingh,years ago,12
theJagmeetSingh,today remember,10
theJagmeetSingh,affordable housing,25
theJagmeetSingh,building better,6
theJagmeetSingh,better care,10
theJagmeetSingh,indigenous peoples,12
theJagmeetSingh,systemic racism,9
theJagmeetSingh,looks like,9
theJagmeetSingh,grand chief,6
theJagmeetSingh,prime minister,33
theJagmeetSingh,people toronto,6
theJagmeetSingh,end racial,6
theJagmeetSingh,racial profiling,7
theJagmeetSingh,end racial profiling,6
theJagmeetSingh,liberal government,33
theJagmeetSingh,millions canadians,8
theJagmeetSingh,families need,5
theJagmeetSingh,pay bills,9
theJagmeetSingh,pm trudeau,45
theJagmeetSingh,12 million,5
theJagmeetSingh,longterm care,11
theJagmeetSingh,feel like,8
theJagmeetSingh,indigenous people,11
theJagmeetSingh,pretty words,6
theJagmeetSingh,minister trudeau,8
theJagmeetSingh,wont cut,5
theJagmeetSingh,prime minister trudeau,7
theJagmeetSingh,announced plan,7
theJagmeetSingh,people need,34
theJagmeetSingh,need help,22
theJagmeetSingh,help canadians,11
theJagmeetSingh,wage subsidy,11
theJagmeetSingh,essential workers,9
theJagmeetSingh,workers need,8
theJagmeetSingh,town hall,8
theJagmeetSingh,better future,5
theJagmeetSingh,antiblack racism,7
theJagmeetSingh,people country,7
theJagmeetSingh,government act,5
theJagmeetSingh,calls justice,5
theJagmeetSingh,indigenous women,11
theJagmeetSingh,women girls,6
theJagmeetSingh,people waiting,6
theJagmeetSingh,people canada,6
theJagmeetSingh,better world,6
theJagmeetSingh,house commons,9
theJagmeetSingh,government help,7
theJagmeetSingh,new democrats,94
theJagmeetSingh,continue fight,11
theJagmeetSingh,access safe,5
theJagmeetSingh,government make,5
theJagmeetSingh,make sure,29
theJagmeetSingh,indigenous communities,10
theJagmeetSingh,working hard,12
theJagmeetSingh,help people,24
theJagmeetSingh,canada need,8
theJagmeetSingh,indigenous kids,5
theJagmeetSingh,kids court,6
theJagmeetSingh,right time,6
theJagmeetSingh,health care,32
theJagmeetSingh,sick leave,16
theJagmeetSingh,paid sick,12
theJagmeetSingh,paid sick leave,12
theJagmeetSingh,stay home,9
theJagmeetSingh,lets recommit,8
theJagmeetSingh,best wishes,7
theJagmeetSingh,need build,5
theJagmeetSingh,new normal,5
theJagmeetSingh,time government,6
theJagmeetSingh,pay fair,6
theJagmeetSingh,fair share,15
theJagmeetSingh,pay fair share,6
theJagmeetSingh,democrats fighting,5
theJagmeetSingh,new democrats fighting,5
theJagmeetSingh,tax havens,6
theJagmeetSingh,heart goes,9
theJagmeetSingh,sending love,6
theJagmeetSingh,easier people,10
theJagmeetSingh,loved ones,28
theJagmeetSingh,work provinces,5
theJagmeetSingh,trudeau liberals,21
theJagmeetSingh,want thank,7
theJagmeetSingh,make ends,6
theJagmeetSingh,ends meet,8
theJagmeetSingh,make ends meet,6
theJagmeetSingh,paying fair,8
theJagmeetSingh,paying fair share,7
theJagmeetSingh,today everyday,5
theJagmeetSingh,behalf new,18
theJagmeetSingh,behalf new democrats,18
theJagmeetSingh,government work,6
theJagmeetSingh,work levels,5
theJagmeetSingh,levels government,6
theJagmeetSingh,child care,15
theJagmeetSingh,need make,10
theJagmeetSingh,work levels government,5
theJagmeetSingh,dont need,6
theJagmeetSingh,need know,12
theJagmeetSingh,lets make,7
theJagmeetSingh,stay safe,5
theJagmeetSingh,government needs,10
theJagmeetSingh,lets clear,7
theJagmeetSingh,avoid paying,6
theJagmeetSingh,mental health,10
theJagmeetSingh,taking care,6
theJagmeetSingh,community canada,6
theJagmeetSingh,working people,15
theJagmeetSingh,care workers,6
theJagmeetSingh,health care workers,5
theJagmeetSingh,need better,5
theJagmeetSingh,today day,7
theJagmeetSingh,making sure,5
theJagmeetSingh,lets care,5
theJagmeetSingh,help need,10
theJagmeetSingh,needs help,9
theJagmeetSingh,right away,10
theJagmeetSingh,fighting make,7
theJagmeetSingh,violence women,5
theJagmeetSingh,care need,6
theJagmeetSingh,andrew scheer,8
theJagmeetSingh,help right,5
theJagmeetSingh,afford medication,8
theJagmeetSingh,medication need,5
theJagmeetSingh,universal pharmacare,20
theJagmeetSingh,need government,5
theJagmeetSingh,peoples lives,6
theJagmeetSingh,public health,8
theJagmeetSingh,sending best,5
theJagmeetSingh,canadaaround world,10
theJagmeetSingh,canadians need,18
theJagmeetSingh,build better,6
theJagmeetSingh,thats new,7
theJagmeetSingh,family friends,13
theJagmeetSingh,living wage,6
theJagmeetSingh,human rights,20
theJagmeetSingh,drinking water,5
theJagmeetSingh,grassy narrows,15
theJagmeetSingh,narrows nation,6
theJagmeetSingh,grassy narrows nation,6
theJagmeetSingh,little bit,5
theJagmeetSingh,big thank,5
theJagmeetSingh,rent mortgage,7
theJagmeetSingh,people worried,5
theJagmeetSingh,urgently need,8
theJagmeetSingh,work people,6
theJagmeetSingh,canadian workers,12
theJagmeetSingh,liberal govt,19
theJagmeetSingh,canadians working,5
theJagmeetSingh,small businesses,6
theJagmeetSingh,people burnaby,10
theJagmeetSingh,burnaby south,10
theJagmeetSingh,difficult time,9
theJagmeetSingh,people struggling,8
theJagmeetSingh,deliver canadians,6
theJagmeetSingh,afford wait,10
theJagmeetSingh,canadians afford,6
theJagmeetSingh,clean energy,19
theJagmeetSingh,good jobs,6
theJagmeetSingh,genderbased violence,5
theJagmeetSingh,mr trudeau,12
theJagmeetSingh,make life,36
theJagmeetSingh,life affordable,28
theJagmeetSingh,make life affordable,18
theJagmeetSingh,highest prices,6
theJagmeetSingh,liberals continue,6
theJagmeetSingh,companies like,5
theJagmeetSingh,make billions,5
theJagmeetSingh,black canadians,6
theJagmeetSingh,young people,28
theJagmeetSingh,justin trudeau,22
theJagmeetSingh,big corporations,8
theJagmeetSingh,wetsuweten hereditary,8
theJagmeetSingh,hereditary chiefs,12
theJagmeetSingh,failure leadership,6
theJagmeetSingh,wetsuweten hereditary chiefs,8
theJagmeetSingh,medication coverage,10
theJagmeetSingh,dental care,6
theJagmeetSingh,work deliver,5
theJagmeetSingh,everyday people,16
theJagmeetSingh,tax breaks,6
theJagmeetSingh,big pharma,7
theJagmeetSingh,justin trudeaus,5
theJagmeetSingh,deserve better,10
theJagmeetSingh,prime ministers,6
theJagmeetSingh,struggling afford,7
theJagmeetSingh,make happen,6
theJagmeetSingh,people like,7
theJagmeetSingh,hear passing,6
theJagmeetSingh,ndp candidate,5
theJagmeetSingh,fight climate,10
theJagmeetSingh,climate change,28
theJagmeetSingh,fight climate change,8
theJagmeetSingh,new year,8
theJagmeetSingh,canada world,11
theJagmeetSingh,deserve answers,5
theJagmeetSingh,everyday canadians,6
theJagmeetSingh,climate crisis,15
theJagmeetSingh,wishing best,5
theJagmeetSingh,plan universal,7
theJagmeetSingh,climate action,8
theJagmeetSingh,im determined,7
theJagmeetSingh,im calling,5
theJagmeetSingh,calling trudeau,7
theJagmeetSingh,trudeau government,7
theJagmeetSingh,new brunswick,5
theJagmeetSingh,ago today,5
theJagmeetSingh,years ago today,5
theJagmeetSingh,going fight,7
theJagmeetSingh,tireless work,5
theJagmeetSingh,excited welcome,5
theJagmeetSingh,pm trudeaus,5
theJagmeetSingh,good time,5
theJagmeetSingh,quality affordable,7
theJagmeetSingh,quality affordable housing,7
theJagmeetSingh,need cdnpoli,5
theJagmeetSingh,people quebec,7
theJagmeetSingh,economy works,5
theJagmeetSingh,life easier,27
theJagmeetSingh,make life easier,14
theJagmeetSingh,housing crisis,10
theJagmeetSingh,student debt,5
theJagmeetSingh,democrats want,5
theJagmeetSingh,canadians cdnpoli,7
theJagmeetSingh,worked hard,5
theJagmeetSingh,democrats stand,5
theJagmeetSingh,new democrats stand,5
theJagmeetSingh,determined fight,5
theJagmeetSingh,dont work,5
theJagmeetSingh,ndp government,10
theJagmeetSingh,make difference,8
theJagmeetSingh,difference lives,9
theJagmeetSingh,make difference lives,5
theJagmeetSingh,demand better,10
theJagmeetSingh,dream big,5
theJagmeetSingh,elxn43 initforyou,6
theJagmeetSingh,government ottawa,7
theJagmeetSingh,better possible,5
theJagmeetSingh,people going,6
theJagmeetSingh,puts people,5
theJagmeetSingh,electoral reform,10
theJagmeetSingh,life easier people,8
theJagmeetSingh,vote early,6
theJagmeetSingh,actually going,5
theJagmeetSingh,liberalconservative governments,10
theJagmeetSingh,jewish community,5
theJagmeetSingh,universal child,5
theJagmeetSingh,universal child care,5
theJagmeetSingh,new deal,27
theJagmeetSingh,time start,6
theJagmeetSingh,fighting climate,5
theJagmeetSingh,energy economy,5
theJagmeetSingh,clean energy economy,5
theJagmeetSingh,initforyou elxn43,6
theJagmeetSingh,voice ottawa,5
theJagmeetSingh,mercury poisoning,5
theJagmeetSingh,ready government,5
theJagmeetSingh,government thats,11
theJagmeetSingh,trudeau liberal,18
theJagmeetSingh,trudeau liberal government,13
theJagmeetSingh,decades liberalconservative,6
theJagmeetSingh,governments ottawa,11
theJagmeetSingh,fossil fuel,14
theJagmeetSingh,half million,10
theJagmeetSingh,actually works,5
theJagmeetSingh,families money,5
theJagmeetSingh,affordable people,7
theJagmeetSingh,people rich,7
theJagmeetSingh,rich corporations,12
theJagmeetSingh,life affordable people,7
theJagmeetSingh,million units,5
theJagmeetSingh,units affordable,7
theJagmeetSingh,half million units,5
theJagmeetSingh,units affordable housing,6
theJagmeetSingh,single greatest,13
theJagmeetSingh,greatest threat,13
theJagmeetSingh,threat face,6
theJagmeetSingh,single greatest threat,13
theJagmeetSingh,greatest threat face,6
theJagmeetSingh,single greatest threat face,6
theJagmeetSingh,people elxn43,5
theJagmeetSingh,pharmainsurance companies,6
theJagmeetSingh,make different,22
theJagmeetSingh,fuel subsidies,12
theJagmeetSingh,fossil fuel subsidies,10
theJagmeetSingh,fight climatechange,7
theJagmeetSingh,spend billions,5
theJagmeetSingh,thats elxn43,6
theJagmeetSingh,making life,16
theJagmeetSingh,life better,5
theJagmeetSingh,better people,7
theJagmeetSingh,bold action,5
theJagmeetSingh,different choices,16
theJagmeetSingh,different results,6
theJagmeetSingh,spending billions,7
theJagmeetSingh,billions fossil,5
theJagmeetSingh,billions fossil fuel,5
theJagmeetSingh,im excited,9
theJagmeetSingh,impacted devastating,6
theJagmeetSingh,making life easier,7
theJagmeetSingh,companies make,8
theJagmeetSingh,firstdebate elxn43,6
theJagmeetSingh,today ndp,5
theJagmeetSingh,deserve government,6
theJagmeetSingh,canadians deserve,14
theJagmeetSingh,make life easier people,5
theJagmeetSingh,doesnt way,14
theJagmeetSingh,tens thousands,5
theJagmeetSingh,deal people,13
theJagmeetSingh,new deal people,13
theJagmeetSingh,liberalconservative govts,5
theJagmeetSingh,pay tribute,8
theJagmeetSingh,warmest wishes,11
theJagmeetSingh,world celebrating,7
theJagmeetSingh,saudi arabia,8
theJagmeetSingh,make different choices,13
theJagmeetSingh,determined make,8
theJagmeetSingh,rich telecoms,5
theJagmeetSingh,wish best,6
theJagmeetSingh,change single,9
theJagmeetSingh,climate change single,9
theJagmeetSingh,change single greatest,9
theJagmeetSingh,climate change single greatest,9
theJagmeetSingh,change single greatest threat,9
theJagmeetSingh,climate change single greatest threat,9
theJagmeetSingh,change single greatest threat face,5
theJagmeetSingh,transmountain pipeline,5
theJagmeetSingh,trudeaus liberal,10
theJagmeetSingh,trudeaus liberal government,6
theJagmeetSingh,weak emission,6
theJagmeetSingh,emission targets,8
theJagmeetSingh,need bold,5
theJagmeetSingh,weak emission targets,5
theJagmeetSingh,invest clean,5
theJagmeetSingh,weve seen,5
theJagmeetSingh,public inquiry,14
theJagmeetSingh,independent public,5
theJagmeetSingh,independent public inquiry,5
theJagmeetSingh,tax loopholes,5
theJagmeetSingh,tells wait,5
theJagmeetSingh,corporate insiders,5
theJagmeetSingh,strong voice,6
theJagmeetSingh,fight solutions,9
theJagmeetSingh,solutions people,6
theJagmeetSingh,canadians face,7
theJagmeetSingh,skyrocketing housing,5
theJagmeetSingh,extend warmest,5
theJagmeetSingh,extend warmest wishes,5
theJagmeetSingh,make positive,6
theJagmeetSingh,positive difference,5
theJagmeetSingh,make positive difference,5
theJagmeetSingh,kashechewan nation,6
ElizabethMay,cdnpoli gpc,7
ElizabethMay,gpc cdnpoli,15
AndrewScheer,years justin,9
AndrewScheer,justin trudeau,303
AndrewScheer,years justin trudeau,8
AndrewScheer,trudeau shut,7
AndrewScheer,today marks,15
AndrewScheer,justin trudeaus,112
AndrewScheer,world stage,13
AndrewScheer,canadians time,7
AndrewScheer,years ago,8
AndrewScheer,conservative government,79
AndrewScheer,conservatives fight,14
AndrewScheer,medical equipment,5
AndrewScheer,weak leadership,26
AndrewScheer,let canadians,17
AndrewScheer,lost jobs,7
AndrewScheer,canadas conservatives,85
AndrewScheer,conservatives support,9
AndrewScheer,chinese government,18
AndrewScheer,time justin,6
AndrewScheer,trudeau stand,5
AndrewScheer,time justin trudeau,5
AndrewScheer,questioning live,6
AndrewScheer,canadians deserve,20
AndrewScheer,foreign affairs,7
AndrewScheer,trudeau keeps,12
AndrewScheer,justin trudeau keeps,9
AndrewScheer,liberal spending,5
AndrewScheer,trudeau letting,19
AndrewScheer,trudeau let,7
AndrewScheer,justin trudeau let,7
AndrewScheer,hong kong,9
AndrewScheer,human rights,11
AndrewScheer,deserve know,7
AndrewScheer,canadians deserve know,5
AndrewScheer,keeps letting,5
AndrewScheer,come clean,11
AndrewScheer,clean canadians,5
AndrewScheer,come clean canadians,5
AndrewScheer,canadians expect,6
AndrewScheer,completely unacceptable,7
AndrewScheer,conservatives continue,17
AndrewScheer,people working,5
AndrewScheer,working help,13
AndrewScheer,coast coast,10
AndrewScheer,country proud,6
AndrewScheer,behalf canadas,34
AndrewScheer,behalf canadas conservatives,34
AndrewScheer,trudeaus weak,17
AndrewScheer,justin trudeaus weak,10
AndrewScheer,trudeaus weak leadership,15
AndrewScheer,justin trudeaus weak leadership,10
AndrewScheer,public health,7
AndrewScheer,letting canadians,15
AndrewScheer,heritage month,9
AndrewScheer,communities country,5
AndrewScheer,best wishes,20
AndrewScheer,wishes celebrating,13
AndrewScheer,best wishes celebrating,11
AndrewScheer,conservatives proposed,5
AndrewScheer,constructive solutions,6
AndrewScheer,trudeau needs,10
AndrewScheer,justin trudeau needs,9
AndrewScheer,speaking media,12
AndrewScheer,support canadians,8
AndrewScheer,conservatives want,7
AndrewScheer,real help,13
AndrewScheer,help canadians,44
AndrewScheer,canadians need,13
AndrewScheer,real help canadians,5
AndrewScheer,conservatives extend,6
AndrewScheer,extend best,13
AndrewScheer,canadas conservatives extend,6
AndrewScheer,behalf canadas conservatives extend,6
AndrewScheer,trudeau liberals,24
AndrewScheer,conservatives fighting,11
AndrewScheer,recall parliament,9
AndrewScheer,help need,10
AndrewScheer,deserve better,9
AndrewScheer,hes letting,5
AndrewScheer,canadians falling,6
AndrewScheer,falling cracks,8
AndrewScheer,difficult times,5
AndrewScheer,justin trudeau letting,10
AndrewScheer,trudeau letting canadians,9
AndrewScheer,justin trudeau letting canadians,8
AndrewScheer,parliament essential,5
AndrewScheer,essential service,5
AndrewScheer,parliament essential service,5
AndrewScheer,men women,10
AndrewScheer,community canada,6
AndrewScheer,conservatives stand,16
AndrewScheer,canadas conservatives stand,9
AndrewScheer,today remember,7
AndrewScheer,canadians struggling,11
AndrewScheer,canada world,20
AndrewScheer,home world,5
AndrewScheer,hard work,7
AndrewScheer,conservatives wish,10
AndrewScheer,canadas conservatives wish,10
AndrewScheer,behalf canadas conservatives wish,9
AndrewScheer,trudeau promised,10
AndrewScheer,justin trudeau promised,6
AndrewScheer,canadians work,6
AndrewScheer,carbon tax,81
AndrewScheer,canadians country,15
AndrewScheer,covid19 pandemic,7
AndrewScheer,house commons,14
AndrewScheer,canadians join,5
AndrewScheer,chag sameach,6
AndrewScheer,conservative caucus,8
AndrewScheer,strong united,8
AndrewScheer,communities safe,5
AndrewScheer,look forward,9
AndrewScheer,forward working,7
AndrewScheer,watch qp,16
AndrewScheer,qp live,17
AndrewScheer,watch qp live,16
AndrewScheer,results canadians,7
AndrewScheer,liberal government,16
AndrewScheer,canadians conservatives,5
AndrewScheer,need help,6
AndrewScheer,world celebrating,6
AndrewScheer,id like,5
AndrewScheer,rule law,14
AndrewScheer,energy workers,8
AndrewScheer,solutions help,5
AndrewScheer,condolences family,6
AndrewScheer,family friends,7
AndrewScheer,saddened hear,8
AndrewScheer,small businesses,28
AndrewScheer,businesses workers,5
AndrewScheer,getting ahead,5
AndrewScheer,watch live,67
AndrewScheer,future generations,8
AndrewScheer,prime minister,91
AndrewScheer,tax dollars,7
AndrewScheer,canadian small,5
AndrewScheer,help protect,5
AndrewScheer,working harder,5
AndrewScheer,small business,11
AndrewScheer,business owners,10
AndrewScheer,small business owners,8
AndrewScheer,trudeau failed,17
AndrewScheer,continue press,5
AndrewScheer,slow react,5
AndrewScheer,failures cost,7
AndrewScheer,cost canadians,8
AndrewScheer,failures cost canadians,7
AndrewScheer,lest forget,5
AndrewScheer,mental health,6
AndrewScheer,conservatives calling,9
AndrewScheer,thoughts prayers,7
AndrewScheer,loved ones,22
AndrewScheer,canadians lost,11
AndrewScheer,canadians lost jobs,5
AndrewScheer,healthcare workers,5
AndrewScheer,red tape,9
AndrewScheer,trudeaus failures,5
AndrewScheer,nova scotia,7
AndrewScheer,like extend,8
AndrewScheer,like extend best,5
AndrewScheer,extend best wishes,12
AndrewScheer,like extend best wishes,5
AndrewScheer,extend best wishes celebrating,6
AndrewScheer,canadian farmers,5
AndrewScheer,canadian armed,11
AndrewScheer,armed forces,12
AndrewScheer,canadian armed forces,11
AndrewScheer,canadians paying,12
AndrewScheer,paying price,5
AndrewScheer,trudeaus liberals,10
AndrewScheer,justin trudeaus liberals,9
AndrewScheer,need real,8
AndrewScheer,help real,6
AndrewScheer,real time,5
AndrewScheer,need real help,6
AndrewScheer,real help real,6
AndrewScheer,help real time,5
AndrewScheer,real help real time,5
AndrewScheer,government support,5
AndrewScheer,important work,6
AndrewScheer,canada needs,9
AndrewScheer,wage subsidy,6
AndrewScheer,spread covid19,7
AndrewScheer,jewish community,10
AndrewScheer,response covid19,6
AndrewScheer,important questions,5
AndrewScheer,oil gas,7
AndrewScheer,energy sector,18
AndrewScheer,trudeau government,12
AndrewScheer,behalf canadians,6
AndrewScheer,media live,5
AndrewScheer,speaking media live,5
AndrewScheer,plan help,33
AndrewScheer,today canadians,7
AndrewScheer,new year,7
AndrewScheer,conservatives focused,10
AndrewScheer,team canada,5
AndrewScheer,health safety,5
AndrewScheer,sent letter,5
AndrewScheer,continue stand,5
AndrewScheer,unprecedented times,8
AndrewScheer,difficult time,10
AndrewScheer,helping canadians,10
AndrewScheer,canada day,14
AndrewScheer,canadians know,8
AndrewScheer,continue fight,9
AndrewScheer,make sure,13
AndrewScheer,trudeaus carbon,32
AndrewScheer,higher taxes,5
AndrewScheer,trudeaus carbon tax,31
AndrewScheer,canadians coast,5
AndrewScheer,canadians coast coast,5
AndrewScheer,canadas conservatives focused,6
AndrewScheer,conservatives working,7
AndrewScheer,high taxes,5
AndrewScheer,taxes wasteful,7
AndrewScheer,wasteful spending,19
AndrewScheer,taxes wasteful spending,7
AndrewScheer,working hard,21
AndrewScheer,conservatives committed,6
AndrewScheer,putting money,7
AndrewScheer,fight canadians,11
AndrewScheer,raise taxes,6
AndrewScheer,behalf cpchq,7
AndrewScheer,conservatives ready,5
AndrewScheer,official opposition,5
AndrewScheer,conservative mps,5
AndrewScheer,need government,8
AndrewScheer,government help,22
AndrewScheer,money canadians,8
AndrewScheer,canadians pockets,7
AndrewScheer,money canadians pockets,7
AndrewScheer,madeincanada recession,7
AndrewScheer,conservatives plan,10
AndrewScheer,tax hikes,8
AndrewScheer,trudeau spent,8
AndrewScheer,justin trudeau spent,7
AndrewScheer,sector work,6
AndrewScheer,energy sector work,5
AndrewScheer,conservative plan,12
AndrewScheer,corporate welfare,5
AndrewScheer,vote conservative,5
AndrewScheer,day canadians,6
AndrewScheer,projects built,9
AndrewScheer,illegal blockades,23
AndrewScheer,thats today,6
AndrewScheer,today im,15
AndrewScheer,national unity,6
AndrewScheer,skyhigh taxes,5
AndrewScheer,radical activists,6
AndrewScheer,real plan,36
AndrewScheer,canadas conservatives continue,6
AndrewScheer,global emissions,6
AndrewScheer,fight climate,10
AndrewScheer,climate change,11
AndrewScheer,fight climate change,10
AndrewScheer,hurting canadians,6
AndrewScheer,justin trudeau failed,15
AndrewScheer,trudeaus wasteful,5
AndrewScheer,trudeaus wasteful spending,5
AndrewScheer,family loved,10
AndrewScheer,family loved ones,10
AndrewScheer,east coast,5
AndrewScheer,wont let,5
AndrewScheer,read statement,5
AndrewScheer,trudeau life,10
AndrewScheer,life harder,5
AndrewScheer,work hard,6
AndrewScheer,justin trudeaus carbon,21
AndrewScheer,justin trudeaus carbon tax,21
AndrewScheer,canadian energy,10
AndrewScheer,infrastructure projects,5
AndrewScheer,making life,10
AndrewScheer,life affordable,15
AndrewScheer,trudeau making,5
AndrewScheer,justin trudeau making,5
AndrewScheer,make life,13
AndrewScheer,make life affordable,11
AndrewScheer,trudeaus policies,5
AndrewScheer,conservative party,8
AndrewScheer,diplomatic crisis,6
AndrewScheer,paying justin,5
AndrewScheer,paying justin trudeaus,5
AndrewScheer,price justin,5
AndrewScheer,price justin trudeaus,5
AndrewScheer,looking forward,9
AndrewScheer,cut taxes,5
AndrewScheer,protect environment,35
AndrewScheer,interests canadians,5
AndrewScheer,spent years,5
AndrewScheer,help family,9
AndrewScheer,life expensive,20
AndrewScheer,expensive canadians,8
AndrewScheer,life expensive canadians,7
AndrewScheer,good jobs,5
AndrewScheer,create jobs,11
AndrewScheer,deserve government,5
AndrewScheer,canada world stage,5
AndrewScheer,conservative team,17
AndrewScheer,hard help,9
AndrewScheer,getting expensive,5
AndrewScheer,time family,5
AndrewScheer,canadians afford,7
AndrewScheer,means money,11
AndrewScheer,country united,5
AndrewScheer,canada proud,5
AndrewScheer,newest mps,5
AndrewScheer,hold justin,8
AndrewScheer,trudeau account,8
AndrewScheer,hold justin trudeau,8
AndrewScheer,justin trudeau account,7
AndrewScheer,hold justin trudeau account,7
AndrewScheer,strong voice,5
AndrewScheer,spoke people,8
AndrewScheer,canadians ahead,43
AndrewScheer,helping canadians ahead,6
AndrewScheer,plan protect,29
AndrewScheer,real plan protect,28
AndrewScheer,plan protect environment,29
AndrewScheer,real plan protect environment,28
AndrewScheer,jewish community canada,5
AndrewScheer,lower taxes,8
AndrewScheer,unite canadians,6
AndrewScheer,time ahead,62
AndrewScheer,conservative candidate,19
AndrewScheer,millions canadians,5
AndrewScheer,conservative majority,14
AndrewScheer,trudeaundp coalition,12
AndrewScheer,coalition afford,9
AndrewScheer,help ahead,53
AndrewScheer,talking plan,8
AndrewScheer,plan help ahead,16
AndrewScheer,richmond hill,6
AndrewScheer,choice clear,7
AndrewScheer,money pockets,55
AndrewScheer,majority government,7
AndrewScheer,conservative majority government,7
AndrewScheer,working help ahead,6
AndrewScheer,ahead watch,22
AndrewScheer,time ahead watch,7
AndrewScheer,ahead watch live,17
AndrewScheer,time ahead watch live,6
AndrewScheer,leave money,11
AndrewScheer,leave money pockets,7
AndrewScheer,help canadians ahead,25
AndrewScheer,justin trudeau life,5
AndrewScheer,gst home,6
AndrewScheer,home heating,11
AndrewScheer,gst home heating,6
AndrewScheer,money pocket,23
AndrewScheer,pockets ahead,11
AndrewScheer,money pockets ahead,10
AndrewScheer,plan money,8
AndrewScheer,pockets time,6
AndrewScheer,plan money pockets,5
AndrewScheer,pockets time ahead,6
AndrewScheer,ethics laws,6
AndrewScheer,minister ill,7
AndrewScheer,prime minister ill,7
AndrewScheer,trudeau broke,6
AndrewScheer,broke law,6
AndrewScheer,justin trudeau broke,6
AndrewScheer,trudeau broke law,6
AndrewScheer,justin trudeau broke law,6
AndrewScheer,new conservative,46
AndrewScheer,new conservative government,43
AndrewScheer,government help ahead,8
AndrewScheer,live means,9
AndrewScheer,live means money,8
AndrewScheer,means money pockets,6
AndrewScheer,live means money pockets,5
AndrewScheer,talk plan,6
AndrewScheer,help money,8
AndrewScheer,talk plan help,5
AndrewScheer,help money pockets,6
AndrewScheer,money familys,6
AndrewScheer,familys pockets,7
AndrewScheer,money familys pockets,6
AndrewScheer,universal tax,14
AndrewScheer,tax cut,19
AndrewScheer,universal tax cut,14
AndrewScheer,positive conservative,13
AndrewScheer,government live,6
AndrewScheer,conservative government live,5
AndrewScheer,government live means,6
AndrewScheer,conservative government live means,5
AndrewScheer,government live means money,5
AndrewScheer,conservative government live means money,5
AndrewScheer,commute times,5
AndrewScheer,leaders debate,5
AndrewScheer,hes notasadvertised,6
AndrewScheer,tax credit,13
AndrewScheer,conservatives help,6
AndrewScheer,plan lower,7
AndrewScheer,ahead im,5
AndrewScheer,make easier,5
AndrewScheer,atlantic canada,7
AndrewScheer,new brunswick,8
AndrewScheer,opportunity ahead,9
AndrewScheer,ahead thats,7
AndrewScheer,conservative government help,16
AndrewScheer,new conservative government help,7
AndrewScheer,working hard help,7
AndrewScheer,trudeau notasadvertised,11
AndrewScheer,family ahead,9
AndrewScheer,justin trudeau notasadvertised,9
AndrewScheer,help family ahead,6
AndrewScheer,raised taxes,5
AndrewScheer,national energy,5
AndrewScheer,energy corridor,5
AndrewScheer,national energy corridor,5
AndrewScheer,snclavalin corruption,16
AndrewScheer,corruption scandal,22
AndrewScheer,snclavalin corruption scandal,15
AndrewScheer,power office,7
AndrewScheer,tax credits,8
AndrewScheer,need ahead,5
AndrewScheer,lower emissions,11
AndrewScheer,im talking,5
AndrewScheer,minister help,5
AndrewScheer,prime minister help,5
AndrewScheer,maternity benefits,10
AndrewScheer,benefits taxfree,11
AndrewScheer,taxfree help,6
AndrewScheer,maternity benefits taxfree,10
AndrewScheer,benefits taxfree help,6
AndrewScheer,maternity benefits taxfree help,6
AndrewScheer,plan make,5
AndrewScheer,trudeau life expensive,5
AndrewScheer,conservative government help ahead,6
AndrewScheer,plan help canadians,5
AndrewScheer,plan help canadians ahead,5
AndrewScheer,pocket ahead,7
AndrewScheer,money pocket ahead,7
AndrewScheer,know justin,6
AndrewScheer,know justin trudeau,5
AndrewScheer,hurricane dorian,5
AndrewScheer,make maternity,7
AndrewScheer,make maternity benefits,7
AndrewScheer,make maternity benefits taxfree,7
AndrewScheer,conservative vision,11
AndrewScheer,positive conservative vision,9
AndrewScheer,canada country,6
AndrewScheer,liberal mps,5
AndrewScheer,trudeau shown,6
AndrewScheer,justin trudeau shown,5
AndrewScheer,minister make,7
AndrewScheer,prime minister make,7
AndrewScheer,trudeau reelected,5
AndrewScheer,afford years,6
AndrewScheer,canadians afford years,5
AndrewScheer,trudeau said,10
AndrewScheer,justin trudeau said,8
AndrewScheer,leaving money,8
AndrewScheer,open transparent,5
AndrewScheer,used majority,5
AndrewScheer,ethics commissioner,6
AndrewScheer,breaking federal,7
AndrewScheer,federal ethics,7
AndrewScheer,ethics law,5
AndrewScheer,breaking federal ethics,7
AndrewScheer,federal ethics law,5
AndrewScheer,breaking federal ethics law,5
AndrewScheer,vision canada,7
AndrewScheer,afford years justin,5
AndrewScheer,insiders ahead,5
AndrewScheer,guilty breaking,6
AndrewScheer,guilty breaking federal,5
AndrewScheer,guilty breaking federal ethics,5
AndrewScheer,health care,8
AndrewScheer,build canada,5
AndrewScheer,plan real,11
AndrewScheer,plan real plan,11
AndrewScheer,plan real plan protect,11
AndrewScheer,plan real plan protect environment,11
AndrewScheer,shown clear,5
AndrewScheer,clear pattern,5
AndrewScheer,pattern silencing,5
AndrewScheer,silencing speak,6
AndrewScheer,shown clear pattern,5
AndrewScheer,clear pattern silencing,5
AndrewScheer,pattern silencing speak,5
AndrewScheer,shown clear pattern silencing,5
AndrewScheer,clear pattern silencing speak,5
AndrewScheer,shown clear pattern silencing speak,5
AndrewScheer,lowering emissions,5
AndrewScheer,stand canada,6
AndrewScheer,leaving money canadians,5
AndrewScheer,leaving money canadians pockets,5
AndrewScheer,meet paris,5
AndrewScheer,paris targets,10
AndrewScheer,meet paris targets,5
JustinTrudeau,today celebrate,5
JustinTrudeau,communities country,7
JustinTrudeau,restart economy,10
JustinTrudeau,going support,5
JustinTrudeau,support workers,5
JustinTrudeau,workers safe,6
JustinTrudeau,nova scotia,7
JustinTrudeau,forever changed,5
JustinTrudeau,years ago,7
JustinTrudeau,today remember,7
JustinTrudeau,lost loved,5
JustinTrudeau,wage subsidy,35
JustinTrudeau,youre looking,6
JustinTrudeau,apply today,7
JustinTrudeau,business owners,24
JustinTrudeau,canada emergency,54
JustinTrudeau,emergency wage,17
JustinTrudeau,canada emergency wage,17
JustinTrudeau,emergency wage subsidy,17
JustinTrudeau,canada emergency wage subsidy,17
JustinTrudeau,update work,10
JustinTrudeau,safely restart,6
JustinTrudeau,support need,39
JustinTrudeau,watch live,35
JustinTrudeau,safely restart economy,5
JustinTrudeau,indigenous peoples,7
JustinTrudeau,youre small,5
JustinTrudeau,small business,22
JustinTrudeau,business owner,8
JustinTrudeau,youre small business,5
JustinTrudeau,small business owner,5
JustinTrudeau,youre small business owner,5
JustinTrudeau,commercial rent,9
JustinTrudeau,rent assistance,8
JustinTrudeau,small business owners,10
JustinTrudeau,commercial rent assistance,8
JustinTrudeau,morning met,5
JustinTrudeau,small businesses,12
JustinTrudeau,im giving,29
JustinTrudeau,giving update,31
JustinTrudeau,businesses country,7
JustinTrudeau,im giving update,27
JustinTrudeau,keeping safe,8
JustinTrudeau,working provinces,7
JustinTrudeau,provinces territories,23
JustinTrudeau,cafreeland spoke,7
JustinTrudeau,spoke premiers,7
JustinTrudeau,moving forward,5
JustinTrudeau,working provinces territories,7
JustinTrudeau,cafreeland spoke premiers,5
JustinTrudeau,contact tracing,5
JustinTrudeau,weve working,8
JustinTrudeau,safe support,6
JustinTrudeau,economy tune,5
JustinTrudeau,giving update work,7
JustinTrudeau,im giving update work,6
JustinTrudeau,human rights,5
JustinTrudeau,emergency business,11
JustinTrudeau,business account,11
JustinTrudeau,personal protective,17
JustinTrudeau,protective equipment,17
JustinTrudeau,people safe,22
JustinTrudeau,help business,10
JustinTrudeau,canada emergency business,11
JustinTrudeau,emergency business account,11
JustinTrudeau,personal protective equipment,17
JustinTrudeau,canada emergency business account,11
JustinTrudeau,gender equality,5
JustinTrudeau,fight climate,8
JustinTrudeau,climate change,18
JustinTrudeau,fight climate change,8
JustinTrudeau,working hard,7
JustinTrudeau,make sure,71
JustinTrudeau,line workers,13
JustinTrudeau,fight covid19,22
JustinTrudeau,weve signed,8
JustinTrudeau,today im,11
JustinTrudeau,update steps,6
JustinTrudeau,steps taking,24
JustinTrudeau,today im giving,5
JustinTrudeau,giving update steps,6
JustinTrudeau,update steps taking,6
JustinTrudeau,today im giving update,5
JustinTrudeau,im giving update steps,6
JustinTrudeau,giving update steps taking,6
JustinTrudeau,im giving update steps taking,6
JustinTrudeau,spoke phone,23
JustinTrudeau,phone today,5
JustinTrudeau,help vulnerable,6
JustinTrudeau,prime minister,30
JustinTrudeau,earlier today,23
JustinTrudeau,today talked,12
JustinTrudeau,working closely,7
JustinTrudeau,today spoke,18
JustinTrudeau,latest developments,8
JustinTrudeau,covid19 pandemic,21
JustinTrudeau,protect people,6
JustinTrudeau,covid19 impact,5
JustinTrudeau,yesterday spoke,5
JustinTrudeau,spoke president,8
JustinTrudeau,taking protect,6
JustinTrudeau,sure help,5
JustinTrudeau,help need,26
JustinTrudeau,emergency response,16
JustinTrudeau,response benefit,16
JustinTrudeau,sure help need,5
JustinTrudeau,canada emergency response,16
JustinTrudeau,emergency response benefit,16
JustinTrudeau,canada emergency response benefit,16
JustinTrudeau,getting support,5
JustinTrudeau,getting support need,5
JustinTrudeau,say thank,8
JustinTrudeau,covid19 situation,17
JustinTrudeau,shared priorities,5
JustinTrudeau,making sure,19
JustinTrudeau,need tough,5
JustinTrudeau,tough times,13
JustinTrudeau,watch update,7
JustinTrudeau,update governments,7
JustinTrudeau,governments response,5
JustinTrudeau,update governments response,5
JustinTrudeau,look forward,6
JustinTrudeau,work hard,6
JustinTrudeau,need international,11
JustinTrudeau,international cooperation,9
JustinTrudeau,earlier today spoke,10
JustinTrudeau,need international cooperation,7
JustinTrudeau,read summary,14
JustinTrudeau,ends meet,6
JustinTrudeau,need work,6
JustinTrudeau,public health,11
JustinTrudeau,taking people,5
JustinTrudeau,taking people safe,5
JustinTrudeau,work help,6
JustinTrudeau,tune latest,8
JustinTrudeau,need help,6
JustinTrudeau,ready help,5
JustinTrudeau,address impacts,5
JustinTrudeau,daily update,11
JustinTrudeau,protect health,5
JustinTrudeau,face shields,6
JustinTrudeau,coming days,5
JustinTrudeau,update personal,6
JustinTrudeau,update personal protective,6
JustinTrudeau,update personal protective equipment,6
JustinTrudeau,workers payroll,7
JustinTrudeau,sure support,8
JustinTrudeau,make sure support,6
JustinTrudeau,sure support need,7
JustinTrudeau,make sure support need,5
JustinTrudeau,deepest condolences,7
JustinTrudeau,family friends,10
JustinTrudeau,stepping help,6
JustinTrudeau,safe covid19,8
JustinTrudeau,stay safe,12
JustinTrudeau,loved ones,22
JustinTrudeau,health care,21
JustinTrudeau,care workers,12
JustinTrudeau,need stay,12
JustinTrudeau,health care workers,12
JustinTrudeau,help people,8
JustinTrudeau,announcing support,8
JustinTrudeau,im announcing,13
JustinTrudeau,tune details,10
JustinTrudeau,thats exactly,6
JustinTrudeau,guaranteed income,5
JustinTrudeau,income supplement,5
JustinTrudeau,guaranteed income supplement,5
JustinTrudeau,update live,5
JustinTrudeau,impacts covid19,11
JustinTrudeau,covid19 today,9
JustinTrudeau,id like,7
JustinTrudeau,stay home,17
JustinTrudeau,like thank,5
JustinTrudeau,talked covid19,5
JustinTrudeau,international coordination,8
JustinTrudeau,working make,7
JustinTrudeau,working make sure,5
JustinTrudeau,surgical masks,5
JustinTrudeau,morning spoke,7
JustinTrudeau,funding help,7
JustinTrudeau,details todays,6
JustinTrudeau,todays announcement,9
JustinTrudeau,details todays announcement,6
JustinTrudeau,live info,7
JustinTrudeau,thoughts family,8
JustinTrudeau,thoughts family friends,5
JustinTrudeau,know youre,9
JustinTrudeau,announced today,8
JustinTrudeau,today announcing,8
JustinTrudeau,mental health,10
JustinTrudeau,announcing new,12
JustinTrudeau,help family,5
JustinTrudeau,wash hands,7
JustinTrudeau,workers country,5
JustinTrudeau,response covid19,12
JustinTrudeau,slow spread,11
JustinTrudeau,spread covid19,15
JustinTrudeau,slow spread covid19,10
JustinTrudeau,live details,5
JustinTrudeau,emergency commercial,7
JustinTrudeau,canada emergency commercial,7
JustinTrudeau,emergency commercial rent,7
JustinTrudeau,canada emergency commercial rent,7
JustinTrudeau,emergency commercial rent assistance,7
JustinTrudeau,canada emergency commercial rent assistance,7
JustinTrudeau,want help,5
JustinTrudeau,spread virus,7
JustinTrudeau,things like,6
JustinTrudeau,taking steps,7
JustinTrudeau,safe watch,8
JustinTrudeau,safe watch live,6
JustinTrudeau,keeping thoughts,6
JustinTrudeau,team canada,8
JustinTrudeau,giving update governments,5
JustinTrudeau,doesnt matter,5
JustinTrudeau,covid19 need,6
JustinTrudeau,help small,8
JustinTrudeau,help small businesses,5
JustinTrudeau,able apply,5
JustinTrudeau,protect jobs,5
JustinTrudeau,weve got,8
JustinTrudeau,difficult time,21
JustinTrudeau,spoke today,7
JustinTrudeau,read statement,7
JustinTrudeau,legacy live,5
JustinTrudeau,thoughts loved,5
JustinTrudeau,thoughts loved ones,5
JustinTrudeau,canada child,7
JustinTrudeau,child benefit,7
JustinTrudeau,young people,9
JustinTrudeau,canada child benefit,7
JustinTrudeau,time watch,5
JustinTrudeau,youre student,5
JustinTrudeau,covid19 help,5
JustinTrudeau,dr tam,5
JustinTrudeau,challenging times,5
JustinTrudeau,farmers food,5
JustinTrudeau,food processors,6
JustinTrudeau,help businesses,5
JustinTrudeau,benefit help,8
JustinTrudeau,youre making,7
JustinTrudeau,new measures,6
JustinTrudeau,new support,5
JustinTrudeau,today im announcing,5
JustinTrudeau,im announcing new,6
JustinTrudeau,update covid19,6
JustinTrudeau,canadians country,6
JustinTrudeau,need right,6
JustinTrudeau,supply chains,5
JustinTrudeau,vaccines treatments,6
JustinTrudeau,food producers,7
JustinTrudeau,tough time,5
JustinTrudeau,today announced,5
JustinTrudeau,working clock,13
JustinTrudeau,happening im,11
JustinTrudeau,im speaking,9
JustinTrudeau,happening im speaking,5
JustinTrudeau,spoke premier,7
JustinTrudeau,stay touch,6
JustinTrudeau,quickly possible,7
JustinTrudeau,house commons,6
JustinTrudeau,going help,6
JustinTrudeau,situation continues,7
JustinTrudeau,continues evolve,7
JustinTrudeau,situation continues evolve,7
JustinTrudeau,staying home,5
JustinTrudeau,right country,11
JustinTrudeau,thanks sharing,7
JustinTrudeau,people canada,7
JustinTrudeau,watch announcement,6
JustinTrudeau,announcement live,6
JustinTrudeau,watch announcement live,6
JustinTrudeau,million canadians,7
JustinTrudeau,help difficult,5
JustinTrudeau,help difficult time,5
JustinTrudeau,cash flow,5
JustinTrudeau,challenging time,7
JustinTrudeau,new year,9
JustinTrudeau,support safe,5
JustinTrudeau,measures taking,7
JustinTrudeau,happening im giving,5
JustinTrudeau,covid19 outbreak,9
JustinTrudeau,speaking rideau,7
JustinTrudeau,rideau cottage,10
JustinTrudeau,im speaking rideau,7
JustinTrudeau,speaking rideau cottage,7
JustinTrudeau,im speaking rideau cottage,7
JustinTrudeau,lost income,6
JustinTrudeau,flight 752,5
JustinTrudeau,premier francoislegault,5
JustinTrudeau,youre home,5
JustinTrudeau,canadians safe,8
JustinTrudeau,continue work,8
JustinTrudeau,live im,7
JustinTrudeau,cottage covid19,6
JustinTrudeau,watch live im,5
JustinTrudeau,rideau cottage covid19,6
JustinTrudeau,covid19 situation continues,5
JustinTrudeau,covid19 situation continues evolve,5
JustinTrudeau,come home,6
JustinTrudeau,social distancing,6
JustinTrudeau,canada world,5
JustinTrudeau,limit spread,5
JustinTrudeau,today talk,5
JustinTrudeau,lifted poverty,5
JustinTrudeau,new nafta,10
JustinTrudeau,incident response,9
JustinTrudeau,response group,9
JustinTrudeau,rail service,9
JustinTrudeau,incident response group,9
JustinTrudeau,fighting climate,6
JustinTrudeau,fighting climate change,6
JustinTrudeau,issues matter,5
